<?xml version="1.0" encoding="UTF-8"?>
<metadata xml:lang="en"><Esri><CreaDate>20210106</CreaDate><CreaTime>20184800</CreaTime><ArcGISFormat>1.0</ArcGISFormat><SyncOnce>TRUE</SyncOnce><DataProperties><lineage><Process ToolSource="c:\program files (x86)\arcgis\desktop10.6\ArcToolbox\Toolboxes\Conversion Tools.tbx\RasterToASCII" Date="20210106" Time="201848">RasterToASCII exclusion_accra_new "C:\Users\pt19062\OneDrive - University of Bristol\Desktop\Netlogo_Accra\data\exclusion_accra_new.asc.TXT"</Process></lineage></DataProperties></Esri></metadata>
