<?xml version="1.0" encoding="UTF-8"?>
<metadata xml:lang="en"><Esri><CreaDate>20180201</CreaDate><CreaTime>11560700</CreaTime><ArcGISFormat>1.0</ArcGISFormat><SyncOnce>TRUE</SyncOnce><DataProperties><lineage><Process ToolSource="c:\program files (x86)\arcgis\desktop10.2\ArcToolbox\Toolboxes\Conversion Tools.tbx\RasterToASCII" Date="20180201" Time="115607">RasterToASCII Suburb_Neuc C:\Users\kamuz\Documents\PhD1GIS\ABM\Proximity\GIS\Raster\data\prox_suburbancentres.ASC</Process></lineage></DataProperties></Esri></metadata>
