<?xml version="1.0" encoding="UTF-8"?>
<metadata xml:lang="en"><Esri><CreaDate>20170522</CreaDate><CreaTime>16032900</CreaTime><ArcGISFormat>1.0</ArcGISFormat><SyncOnce>TRUE</SyncOnce><DataProperties><lineage><Process ToolSource="c:\program files (x86)\arcgis\desktop10.2\ArcToolbox\Toolboxes\Conversion Tools.tbx\RasterToASCII" Date="20170522" Time="160329">RasterToASCII rastercalc1 C:\Users\kamuz\Documents\PhD1GIS\ABM\Proximity\GIS\Raster\ASCII\Prox_Trunkroads.ASC</Process></lineage></DataProperties></Esri></metadata>
