<?xml version="1.0" encoding="UTF-8"?>
<metadata xml:lang="en"><Esri><CreaDate>20180410</CreaDate><CreaTime>16415000</CreaTime><ArcGISFormat>1.0</ArcGISFormat><SyncOnce>TRUE</SyncOnce><DataProperties><lineage><Process ToolSource="c:\program files (x86)\arcgis\desktop10.2\ArcToolbox\Toolboxes\Conversion Tools.tbx\RasterToASCII" Date="20180410" Time="164150">RasterToASCII NomPopDens C:\Users\kamuz\Documents\PhD1GIS\Netlogo_Accra\data\density.accra.ASC</Process></lineage></DataProperties></Esri></metadata>
