<?xml version="1.0" encoding="UTF-8"?>
<metadata xml:lang="en"><Esri><CreaDate>20211129</CreaDate><CreaTime>11545600</CreaTime><ArcGISFormat>1.0</ArcGISFormat><SyncOnce>TRUE</SyncOnce><DataProperties><lineage><Process ToolSource="c:\program files (x86)\arcgis\desktop10.6\ArcToolbox\Toolboxes\Conversion Tools.tbx\RasterToASCII" Date="20211129" Time="115456">RasterToASCII landvalue_cat_accra_Clip "C:\Users\pt19062\OneDrive - University of Bristol\Desktop\Netlogo_Accra\data\landvalue_categorical_accra.asc"</Process></lineage></DataProperties></Esri></metadata>
