<?xml version="1.0" encoding="UTF-8"?>
<metadata xml:lang="en"><Esri><CreaDate>20180206</CreaDate><CreaTime>12265000</CreaTime><ArcGISFormat>1.0</ArcGISFormat><SyncOnce>TRUE</SyncOnce><DataProperties><lineage><Process ToolSource="c:\program files (x86)\arcgis\desktop10.2\ArcToolbox\Toolboxes\Conversion Tools.tbx\RasterToASCII" Date="20180206" Time="122650">RasterToASCII Urb15_200m C:\Users\kamuz\Documents\PhD1GIS\ABM\Proximity\GIS\Raster\data\urban_accra.ASC</Process></lineage></DataProperties></Esri></metadata>
